{
  "mae":0.4623833102,
  "rmse":0.6328942805,
  "r2":0.9930515708,
  "residual_mean":-0.0270157092,
  "residual_std":0.6323174217,
  "residual_p90":0.7110047619,
  "residual_p10":-0.708247619
}