{
  "mae":0.6058616819,
  "rmse":0.8203959806,
  "r2":0.9848589403,
  "residual_mean":0.0068576579,
  "residual_std":0.8203673187,
  "residual_p90":0.9432765873,
  "residual_p10":-0.9068460317
}