{
  "mae":0.8201003048,
  "rmse":1.0661660506,
  "r2":0.9774977365,
  "residual_mean":-0.0067079594,
  "residual_std":1.0661449483,
  "residual_p90":1.3357611111,
  "residual_p10":-1.2754071429
}