{
  "mae":0.7549560244,
  "rmse":0.9728159444,
  "r2":0.9831152383,
  "residual_mean":0.003829557,
  "residual_std":0.9728084067,
  "residual_p90":1.2693611111,
  "residual_p10":-1.1105142857
}