group,count,mae,rmse,mean_error
M,3259,0.771713994717907,1.0311046707352916,0.022877251690384973
F,316,0.9875223237118013,1.2811846170754975,-0.27086887466436277
