{
  "mae": 0.7907896400219827,
  "rmse": 1.0555993199630147,
  "r2": 0.9782498207619559,
  "residual_mean": -0.0030874408769158072,
  "residual_std": 1.055594804844743,
  "residual_p90": 1.2861714285714212,
  "residual_p10": -1.2246404761904786
}